circuit_fn,optimizer,num_layers,score_davies,score_calinski,score_silhouette,cost,weights,bias,composite_score
circuit_type1,SPSAOptimizer,2,0.212155414226064,668.0218458611428,0.8441540382417042,0.1462314629660899,"[[[0.7189280317934692, 0.5683793407791025, -2.1567559100371305], [-0.7144300135488626, -1.2779753179668434, 0.24415922846275034]], [[-0.20876475886608364, -2.3816623696044585, 0.7225324764689511], [0.003455928756254829, 0.5711776940327327, 0.36891645653677113]]]",-0.007449488778601803,0.5
