circuit_fn,optimizer,num_layers,score_davies,score_calinski,score_silhouette,cost,weights,bias,qnode,composite_score
circuit_type1,SPSAOptimizer,2,0.24611524814219152,1520.2651293681783,0.8236914617561262,0.19107924473987747,"[[[-2.338392412115724, -0.09154156538785442, -2.137864980989521], [1.2202349494772387, 0.4779932940666071, 1.5269058066145362]], [[-2.7252870387942236, 2.9317617230042607, -3.1443482623035606], [-1.1076902054708189, 1.1166978553979572, -2.8699374773027535]]]",-0.017721955232570887,"<QNode: wires=2, device='lightning.gpu', interface='autograd', diff_method='best'>",0.5
