circuit_fn,optimizer,num_layers,score_davies,score_calinski,score_silhouette,cost,weights,bias,qnode,composite_score
circuit_type1,SPSAOptimizer,2,1.279031147615899,149.32151004923534,0.32727876122629646,0.5895915781756678,"[[[2.336177550844432, -0.47046868284037957, -2.288596628143963], [-2.910806495854029, 1.2480793519582987, 2.667813774235911]], [[2.941232579070475, 2.327224436635936, -0.7140456008213537], [2.5077367552464342, 0.9466697646911081, -2.8173911050478297]]]",0.17616965444400365,"<QNode: wires=2, device='lightning.gpu', interface='autograd', diff_method='best'>",0.5
