circuit_fn,optimizer,num_layers,score_davies,score_calinski,score_silhouette,cost,weights,bias,qnode,composite_score
circuit_type1,SPSAOptimizer,2,1.269536788477812,151.36819333945655,0.329913681343882,0.4206995947633577,"[[[-3.126053118071674, 2.6210886572809895, -2.3415035050749373], [-2.8534626490952895, 3.1094575868490026, 3.1622024067829124]], [[-1.9352936947213903, -2.3176415943214326, -1.9011895525982065], [0.07034749326241682, -1.1124512277569159, -1.0254864462898114]]]",-0.03311953704269723,"<QNode: wires=2, device='lightning.gpu', interface='autograd', diff_method='best'>",0.5
